
INSERT INTO CITY
VALUES ('Acre', 'North');
INSERT INTO CITY
VALUES ('Afula', 'North');
INSERT INTO CITY
VALUES ('Arad', 'South');
INSERT INTO CITY
VALUES ('Ariel', 'Judea & Samaria')
INSERT INTO CITY
VALUES ('Ashdod', 'South')
INSERT INTO CITY
VALUES ('Ashkelon', 'South')
INSERT INTO CITY
VALUES ('Baqa al-Gharbiyye', 'Haifa')
INSERT INTO CITY
VALUES ('Bat Yam', 'Tel Aviv')
INSERT INTO CITY
VALUES ('Beersheba', 'South')
INSERT INTO CITY
VALUES ('Beit Shean', 'North')
INSERT INTO CITY
VALUES ('Beit Shemesh', 'Jerusalem')
INSERT INTO CITY
VALUES ('Beitar Illit', 'Judea & Samaria')
INSERT INTO CITY
VALUES ('Bnei Brak', 'Tel Aviv')
INSERT INTO CITY
VALUES ('Dimona', 'South')
INSERT INTO CITY
VALUES ('Eilat', 'South')
INSERT INTO CITY
VALUES ('Elad', 'Center')
INSERT INTO CITY
VALUES ('Givat Shmuel', 'Center')
INSERT INTO CITY
VALUES ('Givatayim', 'Tel Aviv')
INSERT INTO CITY
VALUES ('Hadera', 'Haifa')
INSERT INTO CITY
VALUES ('Haifa', 'Haifa')
INSERT INTO CITY
VALUES ('Herzliya', 'Tel Aviv')
INSERT INTO CITY
VALUES ('Hod HaSharon', 'Center')
INSERT INTO CITY
VALUES ('Holon', 'Tel Aviv')
INSERT INTO CITY
VALUES ('Jerusalem', 'Jerusalem')
INSERT INTO CITY
VALUES ('Kafr Qasim', 'Center'
)INSERT INTO CITY
VALUES ('Karmiel', 'North')
INSERT INTO CITY
VALUES ('Kfar Saba', 'Center')
INSERT INTO CITY
VALUES ('Kfar Yona', 'Center')
INSERT INTO CITY
VALUES ('Kiryat Ata', 'Haifa')
INSERT INTO CITY
VALUES ('Kiryat Bialik', 'Haifa')
INSERT INTO CITY
VALUES ('Kiryat Gat', 'South')
INSERT INTO CITY
VALUES ('Kiryat Malakhi', 'South')
INSERT INTO CITY
VALUES ('Kiryat Motzkin', 'Haifa')
INSERT INTO CITY
VALUES ('Kiryat Ono', 'Tel Aviv')
INSERT INTO CITY
VALUES ('Kiryat Shmona', 'North')
INSERT INTO CITY
VALUES ('Kiryat Yam', 'Haifa')
INSERT INTO CITY
VALUES ('Lod', 'Center')
INSERT INTO CITY
VALUES ('Maale Adumim', 'Judea & Samaria')
INSERT INTO CITY
VALUES ('Maalot-Tarshiha', 'North')
INSERT INTO CITY
VALUES ('Migdal HaEmek', 'North')
INSERT INTO CITY
VALUES ('Modiin Illit', 'Judea & Samaria')
INSERT INTO CITY
VALUES ('Modiin-Maccabim-Reut', 'Center')
INSERT INTO CITY
VALUES ('Nahariya', 'North')
INSERT INTO CITY
VALUES ('Nazareth', 'North')
INSERT INTO CITY
VALUES ('Nazareth Illit', 'North')
INSERT INTO CITY
VALUES ('Nesher', 'Haifa')
INSERT INTO CITY
VALUES ('Ness Ziona', 'Center')
INSERT INTO CITY
VALUES ('Netanya', 'Center')
INSERT INTO CITY
VALUES ('Netivot', 'South')
INSERT INTO CITY
VALUES ('Ofakim', 'South')
INSERT INTO CITY
VALUES ('Or Akiva', 'Haifa')
INSERT INTO CITY
VALUES ('Or Yehuda', 'Tel Aviv')
INSERT INTO CITY
VALUES ('Petah Tikva', 'Center')
INSERT INTO CITY
VALUES ('Qalansawe', 'Center')
INSERT INTO CITY
VALUES ('Raanana', 'Center')
INSERT INTO CITY
VALUES ('Rahat', 'South')
INSERT INTO CITY
VALUES ('Ramat Gan', 'Tel Aviv')
INSERT INTO CITY
VALUES ('Ramat HaSharon', 'Tel Aviv')
INSERT INTO CITY
VALUES ('Ramla', 'Center')
INSERT INTO CITY
VALUES ('Rehovot', 'Center')

INSERT INTO CITY
VALUES ('Rishon LeZion', 'Center')
INSERT INTO CITY
VALUES ('Rosh HaAyin', 'Center')
INSERT INTO CITY
VALUES ('Safed', 'North')
INSERT INTO CITY
VALUES ('Sakhnin', 'North')
INSERT INTO CITY
VALUES ('Sderot', 'South')
INSERT INTO CITY
VALUES ('Shefa-Amr', 'North')
INSERT INTO CITY
VALUES ('Tamra', 'North')
INSERT INTO CITY
VALUES ('Tayibe', 'Center')
INSERT INTO CITY
VALUES ('Tel Aviv', 'Tel Aviv')
INSERT INTO CITY
VALUES ('Tiberias', 'North')
INSERT INTO CITY
VALUES ('Tira', 'Center')
INSERT INTO CITY
VALUES ('Tirat Carmel', 'Haifa')
INSERT INTO CITY
VALUES ('Umm al-Fahm', 'Haifa')
INSERT INTO CITY
VALUES ('Yavne', 'Center')
INSERT INTO CITY
VALUES ('Yehud-Monosson', 'Center')
INSERT INTO CITY
VALUES ('Yokneam Illit', 'North')


Insert into NEIGHBORHOOD
Values (1,'city center','Acre','North')
Insert into NEIGHBORHOOD
Values (2,'city North','Afula','North')
Insert into NEIGHBORHOOD
Values (3,'city South','Arad','South')
Insert into NEIGHBORHOOD
Values (4,'city East','Ariel','Judea & Samaria')
Insert into NEIGHBORHOOD
Values (5,'city center','Ashdod','South')
Insert into NEIGHBORHOOD
Values (6,'city North','Ashkelon','South')
Insert into NEIGHBORHOOD
Values (7,'city South','Baqa al-Gharbiyye','Haifa')
Insert into NEIGHBORHOOD
Values (8,'city East','Bat Yam','Tel Aviv')
Insert into NEIGHBORHOOD
Values (9,'city center','Beersheba','South')
Insert into NEIGHBORHOOD
Values (10,'city North','Beit Shean','North')
Insert into NEIGHBORHOOD
Values (11,'city South','Beit Shemesh','Jerusalem')
Insert into NEIGHBORHOOD
Values (12,'city East','Beitar Illit','Judea & Samaria')
Insert into NEIGHBORHOOD
Values (13,'city center','Bnei Brak','Tel Aviv')
Insert into NEIGHBORHOOD
Values (14,'city North','Dimona','South')
Insert into NEIGHBORHOOD
Values (15,'city South','Eilat','South')


Insert into HOUSETYPE
Values ('Villa')
Insert into HOUSETYPE
Values ('Igloo')
Insert into HOUSETYPE
Values ('Apartment')
Insert into HOUSETYPE
Values ('Studio')
Insert into HOUSETYPE
Values ('Penthouse')
Insert into HOUSETYPE
Values ('Mini-Penthouse')
Insert into HOUSETYPE
Values ('Bungalow')
Insert into HOUSETYPE
Values ('Castle')
Insert into HOUSETYPE
Values ('Chalet')
Insert into HOUSETYPE
Values ('Cottage')
Insert into HOUSETYPE
Values ('Condominium')
Insert into HOUSETYPE
Values ('Farmhouse')
Insert into HOUSETYPE
Values ('Geodesic Dome')
Insert into HOUSETYPE
Values ('Hanok')
Insert into HOUSETYPE
Values ('Patio House')
Insert into HOUSETYPE
Values ('Manor House')


Insert into Client
Values (123456789, 'Sitbon','Maikel','Ben yehuda 40',0584250887 ,'1987-08-25')
Insert into Client
Values (157863258, 'Levy','Dylan','Hertzl 45',0718628591 ,'1986-01-12')
Insert into Client
Values (194171807, 'Cohen','Nathan','Jaures 78',0883913167 ,'1985-02-13')
Insert into Client
Values (238831323, 'azoulay','Elie','Dizzengoff 65',0108721320 ,'1984-03-14')
Insert into Client
Values (293762527, 'Goldenberg','Erika','Alenby 8',0133727224 ,'1983-04-15')
Insert into Client
Values (361327908, 'Grosbot','Esther','Nardau 2',0164484486 ,'1982-05-16')
Insert into Client
Values (444433327, 'Dupont','Helen','Bograchov 78',0202315918 ,'1981-06-17')
Insert into Client
Values (546652992, 'Keynes','Johanna','Lasalle 14',0248848579 ,'1980-07-18')
Insert into Client
Values (672383180, 'Ricardo','Carenne','Gordon 32',0306083752 ,'1979-08-19')
Insert into Client
Values (827031311, 'Mozart','Eithan','Ben yehuda 4',0376483015 ,'1978-09-20')
Insert into Client
Values (101724851, 'Vivaldi','Ruben','Hertzl 4',0463074108 ,'1977-08-21')
Insert into Client
Values (125121567, 'VanGogh','Sarah','Jaures 7',0569581153 ,'1976-07-22')
Insert into Client
Values (153899527, 'Berger','David','Dizzengoff 6',0700584818 ,'1975-08-23')
Insert into Client
Values (189296418, 'Goldman','Odile','Alenby 81',0861719326 ,'1974-01-24')
Insert into Client
Values (232834594, 'Avitan','Tamy','Nardau 27',0105991477 ,'1973-02-25')
Insert into Client
Values (286386551, 'Golan','Lea','Bograchov 7',0130369517 ,'1972-03-26')
Insert into Client
Values (323456789, 'levy','Ran','Ben yehuda 20',0544250887,'1987-12-25')


Insert into HOUSEFORSALE
Values (1000,1,123,'Rotschild','2000-02-01',123456789,'Manor House','Eiffel',400,18,5,20,20000000)
Insert into HOUSEFORSALE
Values (1001 ,1,5 ,'Hertzl','1945-10-01',125121567,'Apartment','Dankmar Adler',80 ,3 ,1 ,0 ,4000000)
Insert into HOUSEFORSALE
Values (1002 ,1,14 ,'Jaures','1962-11-04',153899527,'Bungalow','David Adler',15 ,1 ,0 ,0 ,750000)
Insert into HOUSEFORSALE

Values (1123 ,2,38 ,'Dizzengoff','1979-10-07',189296418,'Castle','Walter Ahlschlager',1200 ,48 ,12 ,12 ,60000000)
Insert into HOUSEFORSALE

Values (1004 ,2,103 ,'Alenby ','1979-10-01',232834594,'Chalet','Bruno Ahrends',400 ,16 ,3 ,0 ,20000000)
Insert into HOUSEFORSALE
Values (1005 ,1,3 ,'Nardau ','1979-10-02',286386551,'Condominium','Gregory Ain',39 ,2 ,2 ,0 ,1950000)

Insert into HOUSEFORSALE
Values (1006 ,3,8 ,'Bograchov','1979-10-03',293762527,'Cottage','Alfred Aldrophe',150 ,6 ,1 ,0 ,7500000)

Insert into HOUSEFORSALE
Values (1007 ,2,22 ,'Ben yehuda ','1954-06-02',361327908,'Farmhouse','Alfred S. Alschuler',250 ,10 ,1 ,0 ,12500000)
Insert into HOUSEFORSALE
Values (1008 ,4,60 ,'Hertzl ','1971-05-05',444433327,'Geodesic Dome','Clara Ant',10 ,0 ,1 ,0 ,500000)

select*
from HOUSEFORSALE

Insert into HOUSEFORSALE
Values (1009 ,3,163 ,'Jaures ','1988-04-08',546652992,'Hanok','Michael Arad ',15 ,1 ,1 ,0 ,750000)
Insert into HOUSEFORSALE
Values (1010 ,5,4 ,'Dizzengoff ','1979-10-17',672383180,'Igloo','Bruno Ahrends',5 ,0 ,0 ,0 ,250000)
Insert into HOUSEFORSALE
Values (1011 ,4,11 ,'Alenby','1979-10-27',827031311,'Manor House','Shlomo Aronson',400 ,16 ,6 ,0 ,20000000)
Insert into HOUSEFORSALE
Values (1012 ,6,30 ,'Nardau','1979-11-07',101724851,'Mini-Penthouse','David Azrieli',110 ,4 ,1 ,0 ,5500000)
Insert into HOUSEFORSALE
Values (1013 ,5,81 ,'Bograchov ','1969-10-07',123456789,'Patio House','Max Abramovitz',160 ,6 ,0 ,0 ,8000000)
Insert into HOUSEFORSALE
Values (1014 ,7,22 ,'Lasalle ','1919-10-07',157863258,'Penthouse','Dankmar Adler',250 ,10 ,1 ,0 ,12500000)
Insert into HOUSEFORSALE
Values (1015 ,6,60 ,'Gordon ','1978-10-07',194171807,'Studio','David Adler',19 ,1 ,0 ,0 ,950000)
Insert into HOUSEFORSALE
Values (1016 ,8,16 ,'Ben yehuda','1977-10-07',238831323,'Villa','Walter Ahlschl',230 ,9 ,3 ,0 ,11500000)



Insert into Employee
Values(987654321,'David','cohen',null,01587456987,'1970-12-12')
Insert into Employee
Values(158746982 ,'Ahinoam' ,'Chochana' ,null,0452369875 ,'1970-05-07')
Insert into Employee
Values(201608667 ,'Ahio' ,'Choham' ,null,0773552486 ,'1971-05-15')
Insert into Employee
Values(256043007 ,'Ahiqam' ,'Chotella' ,null,0132277475 ,'1971-05-25')
Insert into Employee
Values(325174619 ,'Ahiram' ,'Choula' ,null,0226194482 ,'1971-07-02')
Insert into Employee
Values(412971766 ,'Ahitov' ,'Choulamite' ,null,0386792564 ,'1945-10-10')
Insert into Employee
Values(524474143 ,'Ahiyam' ,'Choulite' ,null,0661415284 ,'1962-11-14')
Insert into Employee
Values(666082162 ,'Ahiyane' ,'Chounamite' ,null,0113102014 ,'1979-10-17')
Insert into Employee
Values(845924346 ,'Aholiav' ,'Choval' ,null,0193404444 ,'1979-11-17')
Insert into Employee
Values(107432392 ,'Almodad' ,'Dafna' ,null,0330721599 ,'1979-12-17')
Insert into Employee
Values(136439138 ,'Alone' ,'Dalia' ,null,0565533934 ,'1979-01-17')
Insert into Employee
Values(173277705 ,'Amal' ,'Dalila' ,null,0967063027 ,'1954-06-12')
Insert into Employee
Values(220062685 ,'Amaria' ,'Dana' ,null,0165367778 ,'1971-05-07')
Insert into Employee
Values(279479610 ,'Amassa' ,'Dania' ,null,0282778900 ,'1988-04-08')
Insert into Employee
Values(354939105 ,'Amassia' ,'Daniella' ,null,0483551919 ,'1984-04-08')
Insert into Employee
Values(450772663 ,'Ametsi' ,'Darli' ,null,0826873781 ,'1988-04-18')
Insert into Employee
Values(572481282 ,'Ami' ,'Datia' ,null,0141395417 ,'1988-12-08')
Insert into Employee
Values(727051228 ,'AmiOr' ,'Daiana' ,null,0241786163 ,'1980-04-08')
Insert into Employee
Values(923355060 ,'Amiaz' ,'Dea' ,null,0413454339 ,'1978-04-08')
Insert into Employee
Values(1172660926 ,'Amichaday' ,'Degali' ,null,0707006920 ,'1968-04-08')
Insert into Employee
Values(1489279376 ,'Amidane' ,'Delila' ,null,0120898183 ,'1958-04-08')
Insert into Employee
Values(1891384808 ,'Amidror' ,'Dicha' ,null,0206735893 ,'1971-05-05')



Insert SalesMan
Values (98109810,987654321)
Insert SalesMan
Values (123458521 ,158746982)
Insert SalesMan
Values (150517923 ,201608667)
Insert SalesMan
Values (183508153 ,256043007)
Insert SalesMan
Values (223729118 ,325174619)
Insert SalesMan
Values (272765637 ,412971766)
Insert SalesMan
Values (332549886 ,524474143)
Insert SalesMan
Values (405437532 ,666082162)
Insert SalesMan
Values (494300553 ,845924346)
Insert SalesMan
Values (602640400 ,107432392)
Insert SalesMan
Values (734725967 ,136439138)
Insert SalesMan
Values (895761795 ,173277705)
Insert SalesMan
Values (109209315 ,220062685)
Insert SalesMan
Values (133145603 ,279479610)
Insert SalesMan
Values (162328201 ,354939105)
Insert SalesMan
Values (197906985 ,450772663)
Insert SalesMan
Values (241283858 ,572481282)


Insert into Sale
Values(10001, 333456789,1000,98109810,'2018-04-15',18000000,180000)
Insert into Sale
Values(100011 , 546652992 ,1012 ,150517923 ,'2017-05-02' ,5786000 ,115720)
Insert into Sale
Values(100002 , 672383180 ,1013 ,1835056719 ,'2017-03-09' ,8416000 ,168320)
Insert into Sale
Values(100003 , 827031311 ,1014 ,223729118 ,'2017-06-16' ,13150000 ,263000)
Insert into Sale
Values(100004 , 101724851 ,1015 ,272765637 ,'2017-08-23' ,999400 ,19988)
Insert into Sale
Values(100005 , 125121567 ,1016 ,332549886 ,'2017-09-30' ,12098000 ,241960)



Insert into Sale
Values(100006 , 153899527 ,1001 ,405437532 ,'2017-12-04' ,4208000 ,84160)
Insert into Sale
Values(100007 , 189296418 ,1002 ,494300553 ,'2016-03-11' ,789000 ,15780)
Insert into Sale
Values(100008 , 232834594 ,1123 ,602640400 ,'2016-05-18' ,63120000 ,1262400)

Insert into Sale
Values(100009 , 286386551 ,1004 ,734725967 ,'2016-08-25' ,21040000 ,420800)
Insert into Sale
Values(100010 , 123456789 ,1005 ,895761795 ,'2016-07-03' ,2051400 ,41028)


Insert into Sale
Values(100011 , 157863258 ,1006 ,272765637 ,'2016-11-10' ,7890000 ,157800)
Insert into Sale
Values(100012 , 194171807 ,1007 ,1979043092 ,'2016-12-17' ,13150000 ,263000)
Insert into Sale
Values(100013 , 238831323 ,1008 ,332549886 ,'2015-01-24' ,526000 ,10520)
Insert into Sale
Values(100014 , 293762527 ,1009 ,241283858 ,'2015-03-03' ,789000 ,15780)

select*
from SALE

Insert into Sale
Values(100015 , 361327908 ,1010 ,241283858 ,'2015-06-10' ,263000 ,5260)

Insert into Sale
Values(100117 , 361327908 ,1011 ,241283858 ,'2015-08-17' ,21040000 ,27700000)

--11	1011	4	11	Alenby                        	1979-10-27	827031311	Manor House         	Shlomo Aronson      	400	16	6	0	20000000

-- not enought Sale & houseforSale   -- à faire House2Sale

select*
from Sale



Insert into HOUSEFORSALE
Values (1123 ,2,38 ,'Dizzengoff','1979-10-07',189296418,'Castle','Walter Ahlschlager',1200 ,48 ,12 ,12 ,60000000)







